# Conta da estadia: ver README.md. Valores em reais; segundos entre a entrada e a saída.
segundos,tarifa,saldo,valor,saldo_final,pendente
3600,8.5,100,8.5,91.5,0
1800,8.5,100,4.25,95.75,0
# Um segundo arredonda para zero; três segundos já dão um centavo.
1,8.5,100,0,100,0
3,8.5,100,0.01,99.99,0
0,8.5,0,0,0,0
3600,0,20,0,20,0
# Sem saldo, a estadia inteira fica pendente; com saldo parcial, só o que faltou.
3600,8.5,0,8.5,-8.5,8.5
3600,8.5,5,8.5,-3.5,3.5
3600,8.5,8.5,8.5,0,0
# Dívida anterior não entra na pendência desta estadia.
3600,8.5,-2,8.5,-10.5,8.5
86400,8.5,300,204,96,0
# 1h05 a R$ 8,50: 9,2083 vira 9,21.
3900,8.5,50,9.21,40.79,0
5400,6,10,9,1,0
2700,12,5,9,-4,4
600,5,0.5,0.83,-0.33,0.33
59,8.5,10,0.14,9.86,0
3599,10,0,10,-10,10
10800,12.5,40,37.5,2.5,0
# Meio centavo: 0,005 vira 0,01; 16,195 vira 16,20; 9,375 vira 9,38.
18,1,1,0.01,0.99,0
7380,7.9,20,16.2,3.8,0
4500,7.5,3.2,9.38,-6.18,6.18
# Mas 9 minutos a R$ 8,50 dão R$ 1,275 na conta exata e 127,49999999999999
# centavos em ponto flutuante, nesta ordem: R$ 1,27. Este caso prende a ordem.
540,8.5,10,1.27,8.73,0
